kingdom	kingdomkey	phylum	phylumkey	class	classkey	order	orderkey	family	familykey	genus	genuskey	species	specieskey	year	eeacellcode	kingdomcount	phylumcount	classcount	ordercount	familycount	genuscount	occurrences	mintemporaluncertainty	mincoordinateuncertaintyinmeters
Plantae	6	Bryophyta	35	Bryopsida	327	Scouleriales	12213836	Flexitrichaceae	10052785	Flexitrichum	10235154	Flexitrichum gracile	10480089	2016	1kmE5088N2259	1	1	1	1	1	1	1	86400	1000.0
Plantae	6	Bryophyta	35	Bryopsida	327	Scouleriales	12213836	Flexitrichaceae	10052785	Flexitrichum	10235154	Flexitrichum gracile	10480089	2024	1kmE5129N2209	3	3	3	1	1	1	1	1	4.0
Plantae	6	Bryophyta	35	Bryopsida	327	Hypnales	617	Neckeraceae	4665	Pseudanomodon	10772849	Pseudanomodon attenuatus	10742591	2023	1kmE5078N2150	3	3	3	1	1	1	1	60	2.0
Plantae	6	Bryophyta	35	Bryopsida	327	Hypnales	617	Neckeraceae	4665	Pseudanomodon	10772849	Pseudanomodon attenuatus	10742591	2024	1kmE5078N2150	4	4	4	1	1	1	1	60	2.0
Plantae	6	Bryophyta	35	Bryopsida	327	Hypnales	617	Neckeraceae	4665	Pseudanomodon	10772849	Pseudanomodon attenuatus	10742591	2016	1kmE5089N2258	1	1	1	1	1	1	1	86400	1000.0
Plantae	6	Bryophyta	35	Bryopsida	327	Hypnales	617	Neckeraceae	4665	Pseudanomodon	10772849	Pseudanomodon attenuatus	10742591	2024	1kmE5105N2249	2	2	2	2	2	1	1	1	1000.0
Plantae	6	Bryophyta	35	Bryopsida	327	Hypnales	617	Heterocladiellaceae	10704937	Heterocladiella	10880457	Heterocladiella dimorpha	10743377	2016	1kmE5060N2270	1	1	1	1	1	1	1	86400	1000.0
Plantae	6	Bryophyta	35	Bryopsida	327	Orthotrichales	1341	Orthotrichaceae	4668	Pulvigera	10967738	Pulvigera lyellii	11081927	2007	1kmE5018N2197	1	1	1	1	1	1	1	31536000	1000.0
Plantae	6	Bryophyta	35	Bryopsida	327	Orthotrichales	1341	Orthotrichaceae	4668	Pulvigera	10967738	Pulvigera lyellii	11081927	2004	1kmE5060N2271	2	2	2	1	1	1	1	31622400	1000.0
Plantae	6	Bryophyta	35	Sphagnopsida	190	Sphagnales	623	Sphagnaceae	4673	Sphagnum	2668958	Sphagnum subsecundum	2668981	2016	1kmE5060N2271	4	4	1	1	1	1	1	86400	1000.0
Plantae	6	Bryophyta	35	Sphagnopsida	190	Sphagnales	623	Sphagnaceae	4673	Sphagnum	2668958	Sphagnum subsecundum	2668981	2021	1kmE5060N2271	2	2	1	1	1	1	1	86400	1000.0
Plantae	6	Bryophyta	35	Sphagnopsida	190	Sphagnales	623	Sphagnaceae	4673	Sphagnum	2668958	Sphagnum subsecundum	2668981	2004	1kmE5060N2272	2	2	1	1	1	1	1	86400	100.0
Plantae	6	Bryophyta	35	Sphagnopsida	190	Sphagnales	623	Sphagnaceae	4673	Sphagnum	2668958	Sphagnum squarrosum	2669113	2016	1kmE5061N2272	2	2	1	1	1	1	1	86400	1000.0
Plantae	6	Bryophyta	35	Sphagnopsida	190	Sphagnales	623	Sphagnaceae	4673	Sphagnum	2668958	Sphagnum contortum	2669208	2021	1kmE5112N2245	4	4	2	2	2	2	1	86400	1000.0
Plantae	6	Bryophyta	35	Sphagnopsida	190	Sphagnales	623	Sphagnaceae	4673	Sphagnum	2668958	Sphagnum teres	12245166	2021	1kmE5112N2245	4	4	2	2	2	2	1	86400	1000.0
Plantae	6	Bryophyta	35	Sphagnopsida	190	Sphagnales	623	Sphagnaceae	4673	Sphagnum	2668958	Sphagnum fallax	2669002	2021	1kmE5144N2216	2	2	1	1	1	1	1	86400	1000.0
Plantae	6	Bryophyta	35	Sphagnopsida	190	Sphagnales	623	Sphagnaceae	4673	Sphagnum	2668958	Sphagnum platyphyllum	2669200	2021	1kmE5144N2217	2	2	1	1	1	1	1	86400	1000.0
Plantae	6	Bryophyta	35	Sphagnopsida	190	Sphagnales	623	Sphagnaceae	4673	Sphagnum	2668958	Sphagnum platyphyllum	2669200	2021	1kmE5145N2216	2	2	1	1	1	1	1	86400	1000.0
Plantae	6	Bryophyta	35	Sphagnopsida	190	Sphagnales	623	Sphagnaceae	4673	Sphagnum	2668958	Sphagnum platyphyllum	2669200	2021	1kmE5145N2217	4	4	2	2	2	2	1	86400	1000.0
Plantae	6	Bryophyta	35	Sphagnopsida	190	Sphagnales	623	Sphagnaceae	4673	Sphagnum	2668958	Sphagnum subsecundum	2668981	2021	1kmE5145N2217	4	4	2	2	2	2	1	86400	1000.0
Plantae	6	Bryophyta	35	Bryopsida	327	Encalyptales	12240643	Encalyptaceae	8770	Encalypta	2670399	Encalypta vulgaris	5280176	2016	1kmE5060N2271	4	4	3	1	1	1	1	86400	1000.0
Plantae	6	Bryophyta	35	Bryopsida	327	Encalyptales	12240643	Encalyptaceae	8770	Encalypta	2670399	Encalypta streptocarpa	5280149	2024	1kmE5061N2272	4	4	4	1	1	1	1	1	1.0
Plantae	6	Bryophyta	35	Bryopsida	327	Encalyptales	12240643	Encalyptaceae	8770	Encalypta	2670399	Encalypta streptocarpa	5280149	2024	1kmE5085N2152	1	1	1	1	1	1	1	60	8.0
Plantae	6	Bryophyta	35	Bryopsida	327	Encalyptales	12240643	Encalyptaceae	8770	Encalypta	2670399	Encalypta streptocarpa	5280149	2024	1kmE5129N2209	3	3	3	1	1	1	1	1	4.0
Plantae	6	Bryophyta	35	Bryopsida	327	Pottiales	621	Pottiaceae	4671	Barbula	2670791	Barbula unguiculata	5280516	2016	1kmE5089N2259	1	1	1	1	1	1	1	86400	1000.0
Plantae	6	Bryophyta	35	Bryopsida	327	Pottiales	621	Pottiaceae	4671	Syntrichia	2671247	Syntrichia montana	7846682	2023	1kmE5023N2189	2	2	2	2	2	1	1	60	2.0
Plantae	6	Bryophyta	35	Bryopsida	327	Pottiales	621	Pottiaceae	4671	Syntrichia	2671247	Syntrichia ruralis	2671271	2023	1kmE5082N2149	1	1	1	1	1	1	1	60	2.0
Plantae	6	Bryophyta	35	Bryopsida	327	Pottiales	621	Pottiaceae	4671	Syntrichia	2671247	Syntrichia montana	7846682	2024	1kmE5085N2150	1	1	1	1	1	1	1	60	2.0
Plantae	6	Bryophyta	35	Bryopsida	327	Pottiales	621	Pottiaceae	4671	Pleurochaete	2671791	Pleurochaete squarrosa	2671792	2016	1kmE5063N2182	5	5	5	2	2	1	1	86400	1000.0
Plantae	6	Bryophyta	35	Bryopsida	327	Orthotrichales	1341	Orthotrichaceae	4668	Orthotrichum	2672620	Orthotrichum anomalum	12254365	2025	1kmE5063N2271	1	1	1	1	1	1	1	60	1000.0
Plantae	6	Bryophyta	35	Bryopsida	327	Orthotrichales	1341	Orthotrichaceae	4668	Orthotrichum	2672620	Orthotrichum anomalum	12254365	2023	1kmE5073N2160	2	2	2	1	1	1	1	60	2.0
Plantae	6	Bryophyta	35	Bryopsida	327	Orthotrichales	1341	Orthotrichaceae	4668	Orthotrichum	2672620	Orthotrichum anomalum	12254365	2024	1kmE5085N2151	1	1	1	1	1	1	1	60	15.0
Plantae	6	Bryophyta	35	Bryopsida	327	Orthotrichales	1341	Orthotrichaceae	4668	Orthotrichum	2672620	Orthotrichum anomalum	12254365	2025	1kmE5105N2216	1	1	1	1	1	1	1	1	4.0
Plantae	6	Bryophyta	35	Bryopsida	327	Diphysciales	12226524	Diphysciaceae	4280416	Diphyscium	2672969	Diphyscium foliosum	2682864	2024	1kmE5105N2248	4	4	4	1	1	1	1	1	1000.0
Plantae	6	Bryophyta	35	Bryopsida	327	Hypnales	617	Hypnaceae	8751	Hypnum	2673041	Hypnum cupressiforme	2681972	2024	1kmE5081N2195	1	1	1	1	1	1	1	1	4.0
Plantae	6	Bryophyta	35	Bryopsida	327	Funariales	1338	Funariaceae	4645	Funaria	2673071	Funaria hygrometrica	5281229	2021	1kmE5058N2166	1	1	1	1	1	1	1	1	1000.0
Plantae	6	Bryophyta	35	Bryopsida	327	Funariales	1338	Funariaceae	4645	Funaria	2673071	Funaria hygrometrica	5281229	2024	1kmE5076N2151	1	1	1	1	1	1	1	60	2.0
Plantae	6	Bryophyta	35	Bryopsida	327	Funariales	1338	Funariaceae	4645	Funaria	2673071	Funaria hygrometrica	5281229	2024	1kmE5078N2150	4	4	4	1	1	1	1	60	2.0
Plantae	6	Bryophyta	35	Bryopsida	327	Funariales	1338	Funariaceae	4645	Funaria	2673071	Funaria hygrometrica	5281229	2024	1kmE5095N2141	1	1	1	1	1	1	1	60	2.0
Plantae	6	Bryophyta	35	Bryopsida	327	Funariales	1338	Funariaceae	4645	Funaria	2673071	Funaria hygrometrica	5281229	2024	1kmE5103N2146	1	1	1	1	1	1	1	60	27723.0
Plantae	6	Bryophyta	35	Bryopsida	327	Funariales	1338	Funariaceae	4645	Funaria	2673071	Funaria hygrometrica	5281229	2024	1kmE5104N2135	1	1	1	1	1	1	1	60	27723.0
Plantae	6	Bryophyta	35	Bryopsida	327	Hypnales	617	Brachytheciaceae	4651	Homalothecium	2673096	Homalothecium sericeum	2673098	2024	1kmE5071N2184	2	2	2	2	1	1	1	1	1.0
Plantae	6	Bryophyta	35	Bryopsida	327	Hypnales	617	Brachytheciaceae	4651	Homalothecium	2673096	Homalothecium sericeum	2673098	2023	1kmE5077N2151	1	1	1	1	1	1	1	60	2.0
Plantae	6	Bryophyta	35	Bryopsida	327	Hypnales	617	Brachytheciaceae	4651	Homalothecium	2673096	Homalothecium sericeum	2673098	2024	1kmE5129N2211	1	1	1	1	1	1	1	1	4.0
Plantae	6	Bryophyta	35	Bryopsida	327	Hypnales	617	Amblystegiaceae	4650	Campylium	2673109	Campylium stellatum	4279903	2016	1kmE5061N2272	2	2	1	1	1	1	1	86400	1000.0
Plantae	6	Bryophyta	35	Bryopsida	327	Hypnales	617	Amblystegiaceae	4650	Campylium	2673109	Campylium stellatum	4279903	2021	1kmE5066N2268	3	3	3	2	2	1	1	86400	1000.0
Plantae	6	Bryophyta	35	Bryopsida	327	Hypnales	617	Amblystegiaceae	4650	Campylium	2673109	Campylium stellatum	4279903	2021	1kmE5067N2267	2	2	2	2	1	1	1	86400	1000.0
Plantae	6	Bryophyta	35	Bryopsida	327	Hypnales	617	Anomodontaceae	4280116	Anomodon	2673119	Anomodon viticulosus	5283423	2023	1kmE5082N2153	4	4	4	2	1	1	1	60	2.0
Plantae	6	Bryophyta	35	Bryopsida	327	Hypnales	617	Anomodontaceae	4280116	Anomodon	2673119	Anomodon viticulosus	5283423	2024	1kmE5104N2248	2	2	2	1	1	1	1	1	1000.0
Plantae	6	Bryophyta	35	Bryopsida	327	Hypnales	617	Amblystegiaceae	4650	Tomentypnum	2673198	Tomentypnum nitens	2680053	2016	1kmE5061N2271	2	2	2	2	1	1	1	86400	1000.0
Plantae	6	Bryophyta	35	Bryopsida	327	Hypnales	617	Amblystegiaceae	4650	Tomentypnum	2673198	Tomentypnum nitens	2680053	2021	1kmE5061N2272	4	4	4	4	2	1	1	86400	1000.0
Plantae	6	Bryophyta	35	Bryopsida	327	Dicranales	1335	Fissidentaceae	4643	Fissidens	2673216	Fissidens adianthoides	5281267	2021	1kmE5066N2268	3	3	3	1	1	1	1	86400	1000.0
Plantae	6	Bryophyta	35	Bryopsida	327	Dicranales	1335	Fissidentaceae	4643	Fissidens	2673216	Fissidens adianthoides	5281267	2021	1kmE5067N2268	1	1	1	1	1	1	1	86400	1000.0
Plantae	6	Bryophyta	35	Bryopsida	327	Dicranales	1335	Fissidentaceae	4643	Fissidens	2673216	Fissidens bryoides	5283004	2024	1kmE5079N2149	1	1	1	1	1	1	1	60	2.0
Plantae	6	Bryophyta	35	Bryopsida	327	Hypnales	617	Myuriaceae	6347	Ctenidium	2673308	Ctenidium molluscum	2682534	2025	1kmE5023N2190	2	2	2	2	1	1	1	1	7.0
Plantae	6	Bryophyta	35	Bryopsida	327	Hypnales	617	Myuriaceae	6347	Ctenidium	2673308	Ctenidium molluscum	2682534	2024	1kmE5061N2270	2	2	2	2	1	1	1	1	10.0
Plantae	6	Bryophyta	35	Bryopsida	327	Hypnales	617	Myuriaceae	6347	Ctenidium	2673308	Ctenidium molluscum	2682534	2024	1kmE5061N2271	6	6	5	5	1	1	1	1	10.0
Plantae	6	Bryophyta	35	Bryopsida	327	Hypnales	617	Myuriaceae	6347	Ctenidium	2673308	Ctenidium molluscum	2682534	2024	1kmE5061N2272	4	4	4	3	1	1	1	1	1.0
Plantae	6	Bryophyta	35	Bryopsida	327	Hypnales	617	Myuriaceae	6347	Ctenidium	2673308	Ctenidium molluscum	2682534	2016	1kmE5063N2182	5	5	5	3	1	1	1	86400	1000.0
Plantae	6	Bryophyta	35	Bryopsida	327	Hypnales	617	Myuriaceae	6347	Ctenidium	2673308	Ctenidium molluscum	2682534	2024	1kmE5071N2184	2	2	2	2	1	1	1	1	1.0
Plantae	6	Bryophyta	35	Bryopsida	327	Hypnales	617	Myuriaceae	6347	Ctenidium	2673308	Ctenidium molluscum	2682534	2024	1kmE5094N2144	2	2	2	2	1	1	1	60	2.0
Plantae	6	Bryophyta	35	Bryopsida	327	Hypnales	617	Myuriaceae	6347	Ctenidium	2673308	Ctenidium molluscum	2682534	2024	1kmE5104N2250	1	1	1	1	1	1	1	1	1000.0
Plantae	6	Bryophyta	35	Bryopsida	327	Hypnales	617	Myuriaceae	6347	Ctenidium	2673308	Ctenidium molluscum	2682534	2024	1kmE5129N2209	3	3	3	1	1	1	1	1	4.0
Plantae	6	Bryophyta	35	Bryopsida	327	Hypnales	617	Fontinalaceae	8756	Fontinalis	2673403	Fontinalis antipyretica	2673408	2023	1kmE5040N2184	1	1	1	1	1	1	1	60	4.0
Plantae	6	Bryophyta	35	Bryopsida	327	Hypnales	617	Fontinalaceae	8756	Fontinalis	2673403	Fontinalis antipyretica	2673408	2024	1kmE5046N2174	3	3	3	1	1	1	1	60	2.0
Plantae	6	Bryophyta	35	Bryopsida	327	Hypnales	617	Fontinalaceae	8756	Fontinalis	2673403	Fontinalis hypnoides	2678785	2016	1kmE5063N2182	5	5	5	3	1	1	1	86400	1000.0
Plantae	6	Bryophyta	35	Bryopsida	327	Hypnales	617	Fontinalaceae	8756	Fontinalis	2673403	Fontinalis antipyretica	2673408	2024	1kmE5078N2195	1	1	1	1	1	1	1	60	2.0
Plantae	6	Bryophyta	35	Bryopsida	327	Hypnales	617	Fontinalaceae	8756	Fontinalis	2673403	Fontinalis antipyretica	2673408	2023	1kmE5081N2150	1	1	1	1	1	1	1	60	5.0
Plantae	6	Bryophyta	35	Bryopsida	327	Hypnales	617	Fontinalaceae	8756	Fontinalis	2673403	Fontinalis antipyretica	2673408	2024	1kmE5088N2257	1	1	1	1	1	1	1	1	1.0
Plantae	6	Bryophyta	35	Bryopsida	327	Hypnales	617	Fontinalaceae	8756	Fontinalis	2673403	Fontinalis antipyretica	2673408	2025	1kmE5091N2140	1	1	1	1	1	1	1	60	4.0
Plantae	6	Bryophyta	35	Bryopsida	327	Hypnales	617	Fontinalaceae	8756	Fontinalis	2673403	Fontinalis antipyretica	2673408	2024	1kmE5094N2144	2	2	2	2	1	1	1	60	2.0
Plantae	6	Bryophyta	35	Bryopsida	327	Hypnales	617	Fontinalaceae	8756	Fontinalis	2673403	Fontinalis antipyretica	2673408	2018	1kmE5108N2236	1	1	1	1	1	1	1	86400	250.0
Plantae	6	Bryophyta	35	Bryopsida	327	Bartramiales	12239937	Bartramiaceae	8737	Bartramia	2673464	Bartramia halleriana	5282460	2024	1kmE5104N2249	2	2	2	1	1	1	1	1	1000.0
Plantae	6	Bryophyta	35	Bryopsida	327	Hypnales	617	Leucodontaceae	4664	Leucodon	2673548	Leucodon sciuroides	5282884	2024	1kmE5059N2271	1	1	1	1	1	1	1	1	5.0
Plantae	6	Bryophyta	35	Bryopsida	327	Hypnales	617	Leucodontaceae	4664	Leucodon	2673548	Leucodon sciuroides	5282884	2024	1kmE5074N2205	3	3	3	3	1	1	1	1	10.0
Plantae	6	Bryophyta	35	Bryopsida	327	Hypnales	617	Leucodontaceae	4664	Leucodon	2673548	Leucodon sciuroides	5282884	2024	1kmE5077N2184	3	3	3	3	1	1	1	60	2.0
Plantae	6	Bryophyta	35	Bryopsida	327	Hypnales	617	Leucodontaceae	4664	Leucodon	2673548	Leucodon sciuroides	5282884	2014	1kmE5101N2231	1	1	1	1	1	1	1	60	10000.0
Plantae	6	Bryophyta	35	Bryopsida	327	Hypnales	617	Leucodontaceae	4664	Leucodon	2673548	Leucodon sciuroides	5282884	2025	1kmE5135N2220	1	1	1	1	1	1	1	1	4.0
Plantae	6	Bryophyta	35	Bryopsida	327	Hypnales	617	Thuidiaceae	4659	Thuidium	2673587	Thuidium assimile	2679480	2024	1kmE5105N2248	4	4	4	3	1	1	1	60	618.0
Plantae	6	Bryophyta	35	Bryopsida	327	Grimmiales	1337	Grimmiaceae	8747	Grimmia	2673623	Grimmia pulvinata	5281453	2020	1kmE5075N2180	1	1	1	1	1	1	1	1	27661.0
Plantae	6	Bryophyta	35	Bryopsida	327	Grimmiales	1337	Grimmiaceae	8747	Grimmia	2673623	Grimmia pulvinata	5281453	2024	1kmE5078N2150	4	4	4	1	1	1	1	60	2.0
Plantae	6	Bryophyta	35	Bryopsida	327	Bryales	1333	Mniaceae	8742	Pohlia	2673641	Pohlia cruda	5282641	2024	1kmE5104N2248	2	2	2	1	1	1	1	1	1000.0
Plantae	6	Bryophyta	35	Bryopsida	327	Bartramiales	12239937	Bartramiaceae	8737	Philonotis	2676069	Philonotis calcarea	2676091	2021	1kmE5112N2244	6	6	6	1	1	1	1	86400	1000.0
Plantae	6	Bryophyta	35	Bryopsida	327	Bartramiales	12239937	Bartramiaceae	8737	Philonotis	2676069	Philonotis fontana	2676100	2021	1kmE5113N2244	1	1	1	1	1	1	1	86400	1000.0
Plantae	6	Bryophyta	35	Bryopsida	327	Bartramiales	12239937	Bartramiaceae	8737	Philonotis	2676069	Philonotis calcarea	2676091	2021	1kmE5143N2217	3	3	3	1	1	1	1	86400	1000.0
Plantae	6	Bryophyta	35	Bryopsida	327	Bartramiales	12239937	Bartramiaceae	8737	Philonotis	2676069	Philonotis fontana	2676100	2021	1kmE5143N2220	1	1	1	1	1	1	1	86400	1000.0
Plantae	6	Bryophyta	35	Bryopsida	327	Bartramiales	12239937	Bartramiaceae	8737	Philonotis	2676069	Philonotis fontana	2676100	2021	1kmE5144N2216	2	2	1	1	1	1	1	86400	1000.0
Plantae	6	Bryophyta	35	Bryopsida	327	Bartramiales	12239937	Bartramiaceae	8737	Philonotis	2676069	Philonotis fontana	2676100	2021	1kmE5144N2218	3	3	3	1	1	1	1	86400	1000.0
Plantae	6	Bryophyta	35	Bryopsida	327	Bartramiales	12239937	Bartramiaceae	8737	Philonotis	2676069	Philonotis seriata	2676224	2021	1kmE5145N2217	4	4	2	1	1	1	1	86400	1000.0
Plantae	6	Bryophyta	35	Bryopsida	327	Bartramiales	12239937	Bartramiaceae	8737	Philonotis	2676069	Philonotis seriata	2676224	2021	1kmE5146N2216	2	2	2	1	1	1	1	86400	1000.0
Plantae	6	Bryophyta	35	Bryopsida	327	Bartramiales	12239937	Bartramiaceae	8737	Philonotis	2676069	Philonotis calcarea	2676091	2021	1kmE5146N2218	1	1	1	1	1	1	1	86400	1000.0
Plantae	6	Bryophyta	35	Bryopsida	327	Bartramiales	12239937	Bartramiaceae	8737	Philonotis	2676069	Philonotis calcarea	2676091	2021	1kmE5147N2216	1	1	1	1	1	1	1	86400	1000.0
Plantae	6	Bryophyta	35	Bryopsida	327	Bartramiales	12239937	Bartramiaceae	8737	Philonotis	2676069	Philonotis calcarea	2676091	2021	1kmE5148N2216	2	2	2	1	1	1	1	86400	1000.0
Plantae	6	Bryophyta	35	Bryopsida	327	Bartramiales	12239937	Bartramiaceae	8737	Philonotis	2676069	Philonotis seriata	2676224	2021	1kmE5148N2219	2	2	2	2	2	2	1	86400	1000.0
Plantae	6	Bryophyta	35	Bryopsida	327	Bartramiales	12239937	Bartramiaceae	8737	Philonotis	2676069	Philonotis fontana	2676100	2021	1kmE5148N2219	2	2	2	2	2	2	1	86400	1000.0
Plantae	6	Bryophyta	35	Bryopsida	327	Bartramiales	12239937	Bartramiaceae	8737	Philonotis	2676069	Philonotis calcarea	2676091	2021	1kmE5148N2220	3	3	3	1	1	1	1	86400	1000.0
Plantae	6	Bryophyta	35	Bryopsida	327	Bartramiales	12239937	Bartramiaceae	8737	Plagiopus	2676240	Plagiopus oederianus	5282434	2016	1kmE5060N2271	4	4	3	1	1	1	1	86400	1000.0
Plantae	6	Bryophyta	35	Bryopsida	327	Timmiales	12191514	Timmiaceae	4631	Timmia	2676443	Timmia austriaca	5282506	2003	1kmE5048N2183	1	1	1	1	1	1	1	31536000	1000.0
Plantae	6	Bryophyta	35	Bryopsida	327	Timmiales	12191514	Timmiaceae	4631	Timmia	2676443	Timmia bavarica	5710985	2004	1kmE5059N2270	1	1	1	1	1	1	1	31622400	1000.0
Plantae	6	Bryophyta	35	Bryopsida	327	Timmiales	12191514	Timmiaceae	4631	Timmia	2676443	Timmia austriaca	5282506	2004	1kmE5060N2271	2	2	2	1	1	1	1	31622400	1000.0
Plantae	6	Bryophyta	35	Bryopsida	327	Bryales	1333	Bryaceae	8736	Bryum	2676502	Bryum argenteum	2676667	2024	1kmE5047N2173	1	1	1	1	1	1	1	60	2.0
Plantae	6	Bryophyta	35	Bryopsida	327	Bryales	1333	Bryaceae	8736	Bryum	2676502	Bryum argenteum	2676667	2024	1kmE5062N2272	1	1	1	1	1	1	1	1	1.0
Plantae	6	Bryophyta	35	Bryopsida	327	Bryales	1333	Bryaceae	8736	Bryum	2676502	Bryum argenteum	2676667	2023	1kmE5078N2149	2	2	2	1	1	1	1	60	2.0
Plantae	6	Bryophyta	35	Bryopsida	327	Bryales	1333	Bryaceae	8736	Bryum	2676502	Bryum argenteum	2676667	2024	1kmE5078N2150	4	4	4	1	1	1	1	60	2.0
Plantae	6	Bryophyta	35	Bryopsida	327	Hypnales	617	Antitrichiaceae	10784874	Antitrichia	2678390	Antitrichia curtipendula	2678391	2024	1kmE5105N2248	4	4	4	3	1	1	1	60	31.0
Plantae	6	Bryophyta	35	Bryopsida	327	Hypnales	617	Neckeraceae	4665	Leptodon	2678421	Leptodon smithii	5282898	2022	1kmE5068N2206	1	1	1	1	1	1	1	60	1469.0
Plantae	6	Bryophyta	35	Bryopsida	327	Hypnales	617	Neckeraceae	4665	Leptodon	2678421	Leptodon smithii	5282898	2023	1kmE5073N2160	2	2	2	1	1	1	1	60	4.0
Plantae	6	Bryophyta	35	Bryopsida	327	Hypnales	617	Neckeraceae	4665	Leptodon	2678421	Leptodon smithii	5282898	2024	1kmE5074N2205	3	3	3	3	2	2	2	1	10.0
Plantae	6	Bryophyta	35	Bryopsida	327	Hypnales	617	Neckeraceae	4665	Leptodon	2678421	Leptodon smithii	5282898	2024	1kmE5077N2184	3	3	3	3	1	1	1	60	2.0
Plantae	6	Bryophyta	35	Bryopsida	327	Hypnales	617	Neckeraceae	4665	Leptodon	2678421	Leptodon smithii	5282898	2023	1kmE5082N2153	4	4	4	2	1	1	1	60	2.0
Plantae	6	Bryophyta	35	Bryopsida	327	Hypnales	617	Neckeraceae	4665	Leptodon	2678421	Leptodon smithii	5282898	2025	1kmE5084N2196	1	1	1	1	1	1	1	60	2.0
Plantae	6	Bryophyta	35	Bryopsida	327	Hypnales	617	Rhytidiaceae	4279441	Rhytidium	2679712	Rhytidium rugosum	2679713	2016	1kmE5061N2271	2	2	2	2	1	1	1	86400	1000.0
Plantae	6	Bryophyta	35	Bryopsida	327	Hypnales	617	Brachytheciaceae	4651	Scorpiurium	2679718	Scorpiurium deflexifolium	2679720	2011	1kmE5105N2247	1	1	1	1	1	1	1	2592000	1000.0
Plantae	6	Bryophyta	35	Bryopsida	327	Hypnales	617	Brachytheciaceae	4651	Kindbergia	2679750	Kindbergia praelonga	4279479	2024	1kmE5077N2184	3	3	3	3	1	1	1	60	8.0
Plantae	6	Bryophyta	35	Bryopsida	327	Hypnales	617	Brachytheciaceae	4651	Rhynchostegiella	2679768	Rhynchostegiella tenuicaulis	2679808	2011	1kmE5106N2247	1	1	1	1	1	1	1	2592000	1000.0
Plantae	6	Bryophyta	35	Bryopsida	327	Hypnales	617	Brachytheciaceae	4651	Oxyrrhynchium	2680202	Oxyrrhynchium hians	4279461	2023	1kmE5079N2150	1	1	1	1	1	1	1	60	2.0
Plantae	6	Bryophyta	35	Bryopsida	327	Hypnales	617	Pseudoleskeellaceae	10760369	Pseudoleskeella	2681344	Pseudoleskeella catenulata	2681352	2016	1kmE5059N2270	3	3	2	1	1	1	1	86400	1000.0
Plantae	6	Bryophyta	35	Bryopsida	327	Hypnales	617	Scorpidiaceae	4894159	Scorpidium	2681638	Scorpidium cossonii	2681639	2016	1kmE5059N2272	1	1	1	1	1	1	1	86400	1000.0
Plantae	6	Bryophyta	35	Bryopsida	327	Hypnales	617	Scorpidiaceae	4894159	Scorpidium	2681638	Scorpidium cossonii	2681639	2021	1kmE5060N2272	4	4	4	4	1	1	1	86400	1000.0
Plantae	6	Bryophyta	35	Bryopsida	327	Hypnales	617	Scorpidiaceae	4894159	Scorpidium	2681638	Scorpidium cossonii	2681639	2025	1kmE5062N2262	1	1	1	1	1	1	1	60	4.0
Plantae	6	Bryophyta	35	Bryopsida	327	Hypnales	617	Scorpidiaceae	4894159	Scorpidium	2681638	Scorpidium scorpioides	2681641	2021	1kmE5065N2267	2	2	2	2	2	2	1	86400	1000.0
Plantae	6	Bryophyta	35	Bryopsida	327	Hypnales	617	Scorpidiaceae	4894159	Scorpidium	2681638	Scorpidium cossonii	2681639	2021	1kmE5065N2267	2	2	2	2	2	2	1	86400	1000.0
Plantae	6	Bryophyta	35	Bryopsida	327	Hypnales	617	Scorpidiaceae	4894159	Scorpidium	2681638	Scorpidium scorpioides	2681641	2021	1kmE5067N2267	2	2	2	2	1	1	1	86400	1000.0
Plantae	6	Bryophyta	35	Bryopsida	327	Hypnales	617	Scorpidiaceae	4894159	Scorpidium	2681638	Scorpidium cossonii	2681639	2021	1kmE5111N2245	1	1	1	1	1	1	1	86400	1000.0
Plantae	6	Bryophyta	35	Bryopsida	327	Hypnales	617	Scorpidiaceae	4894159	Scorpidium	2681638	Scorpidium cossonii	2681639	2021	1kmE5112N2244	6	6	6	4	1	1	1	86400	1000.0
Plantae	6	Bryophyta	35	Bryopsida	327	Hypnales	617	Calliergonaceae	5838396	Calliergon	2681674	Calliergon giganteum	2681676	2021	1kmE5061N2272	4	4	4	4	1	1	1	86400	1000.0
Plantae	6	Bryophyta	35	Bryopsida	327	Hypnales	617	Calliergonaceae	5838396	Calliergon	2681674	Calliergon giganteum	2681676	2021	1kmE5144N2219	1	1	1	1	1	1	1	86400	1000.0
Plantae	6	Bryophyta	35	Bryopsida	327	Hypnales	617	Calliergonaceae	5838396	Calliergon	2681674	Calliergon cordifolium	2681678	2021	1kmE5146N2216	2	2	2	1	1	1	1	86400	1000.0
Plantae	6	Bryophyta	35	Bryopsida	327	Hypnales	617	Scorpidiaceae	4894159	Hamatocaulis	2681713	Hamatocaulis vernicosus	2681714	2021	1kmE5060N2271	2	2	1	1	1	1	1	86400	1000.0
Plantae	6	Bryophyta	35	Bryopsida	327	Hypnales	617	Scorpidiaceae	4894159	Hamatocaulis	2681713	Hamatocaulis vernicosus	2681714	2004	1kmE5060N2272	2	2	1	1	1	1	1	86400	1000.0
Plantae	6	Bryophyta	35	Bryopsida	327	Hypnales	617	Scorpidiaceae	4894159	Hamatocaulis	2681713	Hamatocaulis vernicosus	2681714	2021	1kmE5061N2272	4	4	4	4	1	1	1	86400	1000.0
Plantae	6	Bryophyta	35	Bryopsida	327	Hypnales	617	Amblystegiaceae	4650	Palustriella	2681727	Palustriella commutata	2681729	2017	1kmE5029N2270	2	2	2	1	1	1	1	31536000	1000.0
Plantae	6	Bryophyta	35	Bryopsida	327	Hypnales	617	Amblystegiaceae	4650	Palustriella	2681727	Palustriella decipiens	2681728	2021	1kmE5064N2269	1	1	1	1	1	1	1	86400	1000.0
Plantae	6	Bryophyta	35	Bryopsida	327	Hypnales	617	Amblystegiaceae	4650	Palustriella	2681727	Palustriella commutata	2681729	2024	1kmE5067N2178	1	1	1	1	1	1	1	1	1.0
Plantae	6	Bryophyta	35	Bryopsida	327	Hypnales	617	Amblystegiaceae	4650	Palustriella	2681727	Palustriella decipiens	2681728	2021	1kmE5111N2244	1	1	1	1	1	1	1	86400	1000.0
Plantae	6	Bryophyta	35	Bryopsida	327	Hypnales	617	Amblystegiaceae	4650	Palustriella	2681727	Palustriella decipiens	2681728	2021	1kmE5112N2243	1	1	1	1	1	1	1	86400	1000.0
Plantae	6	Bryophyta	35	Bryopsida	327	Hypnales	617	Amblystegiaceae	4650	Palustriella	2681727	Palustriella falcata	8105978	2021	1kmE5112N2244	6	6	6	4	3	3	3	86400	1000.0
Plantae	6	Bryophyta	35	Bryopsida	327	Hypnales	617	Amblystegiaceae	4650	Palustriella	2681727	Palustriella decipiens	2681728	2021	1kmE5112N2245	4	4	2	2	2	2	1	86400	1000.0
Plantae	6	Bryophyta	35	Bryopsida	327	Hypnales	617	Amblystegiaceae	4650	Palustriella	2681727	Palustriella falcata	8105978	2021	1kmE5112N2245	4	4	2	2	2	2	1	86400	1000.0
Plantae	6	Bryophyta	35	Bryopsida	327	Hypnales	617	Amblystegiaceae	4650	Palustriella	2681727	Palustriella decipiens	2681728	2021	1kmE5143N2217	3	3	3	1	1	1	1	86400	1000.0
Plantae	6	Bryophyta	35	Bryopsida	327	Hypnales	617	Amblystegiaceae	4650	Palustriella	2681727	Palustriella decipiens	2681728	2021	1kmE5143N2219	1	1	1	1	1	1	1	86400	1000.0
Plantae	6	Bryophyta	35	Bryopsida	327	Hypnales	617	Amblystegiaceae	4650	Palustriella	2681727	Palustriella decipiens	2681728	2021	1kmE5144N2217	2	2	1	1	1	1	1	86400	1000.0
Plantae	6	Bryophyta	35	Bryopsida	327	Hypnales	617	Amblystegiaceae	4650	Palustriella	2681727	Palustriella decipiens	2681728	2021	1kmE5144N2218	3	3	3	2	1	1	1	86400	1000.0
Plantae	6	Bryophyta	35	Bryopsida	327	Hypnales	617	Amblystegiaceae	4650	Palustriella	2681727	Palustriella commutata	2681729	2021	1kmE5145N2217	4	4	2	1	1	1	1	86400	1000.0
Plantae	6	Bryophyta	35	Bryopsida	327	Hypnales	617	Amblystegiaceae	4650	Palustriella	2681727	Palustriella decipiens	2681728	2021	1kmE5148N2216	2	2	2	1	1	1	1	86400	1000.0
Plantae	6	Bryophyta	35	Bryopsida	327	Hypnales	617	Amblystegiaceae	4650	Palustriella	2681727	Palustriella commutata	2681729	2021	1kmE5148N2217	3	3	3	3	3	3	3	86400	1000.0
Plantae	6	Bryophyta	35	Bryopsida	327	Hypnales	617	Amblystegiaceae	4650	Palustriella	2681727	Palustriella decipiens	2681728	2021	1kmE5148N2218	3	3	3	3	3	3	3	86400	1000.0
Plantae	6	Bryophyta	35	Bryopsida	327	Hypnales	617	Amblystegiaceae	4650	Palustriella	2681727	Palustriella decipiens	2681728	2021	1kmE5148N2220	3	3	3	2	2	2	1	86400	1000.0
Plantae	6	Bryophyta	35	Bryopsida	327	Hypnales	617	Amblystegiaceae	4650	Palustriella	2681727	Palustriella falcata	8105978	2021	1kmE5148N2220	3	3	3	2	2	2	1	86400	1000.0
Plantae	6	Bryophyta	35	Bryopsida	327	Hypnales	617	Taxiphyllaceae	10797736	Taxiphyllum	2682644	Taxiphyllum densifolium	2682673	2011	1kmE5105N2249	2	2	2	2	1	1	1	2592000	1000.0
Plantae	6	Bryophyta	35	Bryopsida	327	Hypnales	617	Brachytheciaceae	4651	Pseudoscleropodium	2682835	Pseudoscleropodium purum	2682836	2025	1kmE5023N2190	2	2	2	2	1	1	1	1	16.0
Plantae	6	Bryophyta	35	Bryopsida	327	Hypnales	617	Brachytheciaceae	4651	Pseudoscleropodium	2682835	Pseudoscleropodium purum	2682836	2016	1kmE5063N2182	5	5	5	3	1	1	1	86400	1000.0
Plantae	6	Bryophyta	35	Bryopsida	327	Hypnales	617	Brachytheciaceae	4651	Pseudoscleropodium	2682835	Pseudoscleropodium purum	2682836	2024	1kmE5077N2151	1	1	1	1	1	1	1	60	4.0
Plantae	6	Bryophyta	35	Bryopsida	327	Hypnales	617	Brachytheciaceae	4651	Pseudoscleropodium	2682835	Pseudoscleropodium purum	2682836	2024	1kmE5082N2146	1	1	1	1	1	1	1	60	2.0
Plantae	6	Bryophyta	35	Bryopsida	327	Hypnales	617	Brachytheciaceae	4651	Pseudoscleropodium	2682835	Pseudoscleropodium purum	2682836	2024	1kmE5083N2146	6	6	6	2	1	1	1	60	4.0
Plantae	6	Bryophyta	35	Bryopsida	327	Hypnales	617	Brachytheciaceae	4651	Pseudoscleropodium	2682835	Pseudoscleropodium purum	2682836	2024	1kmE5087N2145	1	1	1	1	1	1	1	60	2.0
Plantae	6	Bryophyta	35	Bryopsida	327	Hypnales	617	Brachytheciaceae	4651	Pseudoscleropodium	2682835	Pseudoscleropodium purum	2682836	2025	1kmE5090N2140	1	1	1	1	1	1	1	60	2.0
Plantae	6	Bryophyta	35	Bryopsida	327	Buxbaumiales	1334	Buxbaumiaceae	4633	Buxbaumia	2682839	Buxbaumia viridis	2682851	2025	1kmE5058N2272	1	1	1	1	1	1	1	60	8.0
Plantae	6	Bryophyta	35	Bryopsida	327	Buxbaumiales	1334	Buxbaumiaceae	4633	Buxbaumia	2682839	Buxbaumia viridis	2682851	2016	1kmE5059N2271	2	2	2	1	1	1	1	86400	1000.0
Plantae	6	Bryophyta	35	Polytrichopsida	12259753	Polytrichales	620	Polytrichaceae	4669	Pogonatum	2682962	Pogonatum urnigerum	2682986	2024	1kmE5057N2272	1	1	1	1	1	1	1	1	18.0
Plantae	6	Bryophyta	35	Polytrichopsida	12259753	Polytrichales	620	Polytrichaceae	4669	Pogonatum	2682962	Pogonatum nanum	2682983	2016	1kmE5059N2270	3	3	1	1	1	1	1	86400	1000.0
Plantae	6	Bryophyta	35	Polytrichopsida	12259753	Polytrichales	620	Polytrichaceae	4669	Pogonatum	2682962	Pogonatum urnigerum	2682986	2024	1kmE5061N2271	6	6	1	1	1	1	1	1	10.0
Plantae	6	Bryophyta	35	Polytrichopsida	12259753	Polytrichales	620	Polytrichaceae	4669	Pogonatum	2682962	Pogonatum urnigerum	2682986	2024	1kmE5104N2242	1	1	1	1	1	1	1	1	8.0
Plantae	6	Bryophyta	35	Polytrichopsida	12259753	Polytrichales	620	Polytrichaceae	4669	Pogonatum	2682962	Pogonatum urnigerum	2682986	2024	1kmE5104N2247	1	1	1	1	1	1	1	1	5.0
Plantae	6	Bryophyta	35	Polytrichopsida	12259753	Polytrichales	620	Polytrichaceae	4669	Pogonatum	2682962	Pogonatum urnigerum	2682986	2025	1kmE5105N2217	2	2	1	1	1	1	1	60	2.0
Plantae	6	Bryophyta	35	Polytrichopsida	12259753	Polytrichales	620	Polytrichaceae	4669	Polytrichum	2683053	Polytrichum juniperinum	2683092	2024	1kmE5059N2270	1	1	1	1	1	1	1	1	5.0
Plantae	6	Bryophyta	35	Bryopsida	327	Bryales	1333	Bryaceae	8736	Ptychostomum	3230073	Ptychostomum pseudotriquetrum	7459211	2016	1kmE5059N2271	2	2	2	1	1	1	1	86400	1000.0
Plantae	6	Bryophyta	35	Bryopsida	327	Bryales	1333	Bryaceae	8736	Ptychostomum	3230073	Ptychostomum pseudotriquetrum	7459211	2021	1kmE5112N2244	6	6	6	1	1	1	1	86400	1000.0
Plantae	6	Bryophyta	35	Bryopsida	327	Bryales	1333	Bryaceae	8736	Ptychostomum	3230073	Ptychostomum schleicheri	7841203	2021	1kmE5147N2217	1	1	1	1	1	1	1	86400	1000.0
Plantae	6	Bryophyta	35	Bryopsida	327	Pottiales	621	Pottiaceae	4671	Geheebia	4280587	Geheebia tophacea	10994463	2017	1kmE5029N2270	2	2	2	1	1	1	1	31536000	1000.0
Plantae	6	Bryophyta	35	Bryopsida	327	Bryales	1333	Bryaceae	8736	Imbribryum	4885596	Imbribryum alpinum	8285962	2021	1kmE5143N2217	3	3	3	1	1	1	1	31536000	1000.0
Plantae	6	Bryophyta	35	Bryopsida	327	Dicranales	1335	Dicranaceae	4635	Orthodicranum	4887637	Orthodicranum tauricum	7600680	2016	1kmE5059N2270	3	3	2	1	1	1	1	86400	1000.0
Plantae	6	Bryophyta	35	Bryopsida	327	Bryales	1333	Bryaceae	8736	Gemmabryum	4888511	Gemmabryum dichotomum	8012685	2017	1kmE5130N2226	1	1	1	1	1	1	1	2592000	1000.0
Plantae	6	Bryophyta	35	Bryopsida	327	Hypnales	617	Hylocomiaceae	4652	Hylocomiadelphus	4889421	Hylocomiadelphus triquetrus	8345757	2024	1kmE5059N2273	1	1	1	1	1	1	1	1	5.0
Plantae	6	Bryophyta	35	Bryopsida	327	Hypnales	617	Hylocomiaceae	4652	Hylocomiadelphus	4889421	Hylocomiadelphus triquetrus	8345757	2023	1kmE5060N2253	1	1	1	1	1	1	1	1	9.0
Plantae	6	Bryophyta	35	Bryopsida	327	Hypnales	617	Hylocomiaceae	4652	Hylocomiadelphus	4889421	Hylocomiadelphus triquetrus	8345757	2024	1kmE5060N2271	1	1	1	1	1	1	1	1	10.0
Plantae	6	Bryophyta	35	Bryopsida	327	Hypnales	617	Hylocomiaceae	4652	Hylocomiadelphus	4889421	Hylocomiadelphus triquetrus	8345757	2024	1kmE5061N2270	2	2	2	2	1	1	1	1	10.0
Plantae	6	Bryophyta	35	Bryopsida	327	Hypnales	617	Hylocomiaceae	4652	Hylocomiadelphus	4889421	Hylocomiadelphus triquetrus	8345757	2024	1kmE5061N2271	6	6	5	5	4	2	2	1	5.0
Plantae	6	Bryophyta	35	Bryopsida	327	Hypnales	617	Hylocomiaceae	4652	Hylocomiadelphus	4889421	Hylocomiadelphus triquetrus	8345757	2024	1kmE5061N2272	4	4	4	3	2	1	1	1	5.0
Plantae	6	Bryophyta	35	Bryopsida	327	Hypnales	617	Hylocomiaceae	4652	Hylocomiadelphus	4889421	Hylocomiadelphus triquetrus	8345757	2024	1kmE5073N2267	2	2	2	2	2	1	1	1	5.0
Plantae	6	Bryophyta	35	Bryopsida	327	Hypnales	617	Hylocomiaceae	4652	Hylocomiadelphus	4889421	Hylocomiadelphus triquetrus	8345757	2024	1kmE5073N2268	4	4	4	4	4	2	2	1	1.0
Plantae	6	Bryophyta	35	Bryopsida	327	Hypnales	617	Calliergonaceae	5838396	Sarmentypnum	4893659	Sarmentypnum exannulatum	7749266	2021	1kmE5145N2216	2	2	1	1	1	1	1	86400	1000.0
Plantae	6	Bryophyta	35	Bryopsida	327	Hypnales	617	Brachytheciaceae	4651	Brachytheciastrum	4895639	Brachytheciastrum collinum	7633590	2011	1kmE5105N2249	2	2	2	2	1	1	1	2592000	1000.0
Plantae	6	Bryophyta	35	Bryopsida	327	Grimmiales	1337	Grimmiaceae	8747	Niphotrichum	4899187	Niphotrichum elongatum	7571000	2016	1kmE5061N2270	1	1	1	1	1	1	1	86400	1000.0
Plantae	6	Bryophyta	35	Bryopsida	327	Hypnales	617	Amblystegiaceae	4650	Drepanocladus	5283595	Drepanocladus trifarius	7768329	2021	1kmE5059N2272	1	1	1	1	1	1	1	86400	1000.0
Plantae	6	Bryophyta	35	Bryopsida	327	Hypnales	617	Amblystegiaceae	4650	Drepanocladus	5283595	Drepanocladus trifarius	7768329	2016	1kmE5060N2272	1	1	1	1	1	1	1	86400	1000.0
Plantae	6	Bryophyta	35	Bryopsida	327	Hypnales	617	Amblystegiaceae	4650	Drepanocladus	5283595	Drepanocladus lycopodioides	8498837	2021	1kmE5060N2272	4	4	4	4	3	3	3	86400	1000.0
Plantae	6	Bryophyta	35	Bryopsida	327	Hypnales	617	Amblystegiaceae	4650	Drepanocladus	5283595	Drepanocladus lycopodioides	8498837	2021	1kmE5061N2272	4	4	4	4	2	1	1	86400	1000.0
Plantae	6	Bryophyta	35	Bryopsida	327	Hypnales	617	Amblystegiaceae	4650	Drepanocladus	5283595	Drepanocladus trifarius	7768329	2021	1kmE5066N2268	3	3	3	2	2	1	1	86400	1000.0
Plantae	6	Bryophyta	35	Bryopsida	327	Hypnales	617	Brachytheciaceae	4651	Rhynchostegium	7441919	Rhynchostegium riparioides	4279671	2024	1kmE5084N2150	1	1	1	1	1	1	1	60	2.0
Plantae	6	Bryophyta	35	Bryopsida	327	Hypnales	617	Neckeraceae	4665	Alleniella	7472500	Alleniella complanata	8232782	2016	1kmE5062N2183	2	2	2	2	2	1	1	86400	1000.0
Plantae	6	Bryophyta	35	Bryopsida	327	Hypnales	617	Neckeraceae	4665	Alleniella	7472500	Alleniella besseri	7717578	2016	1kmE5063N2183	2	2	2	1	1	1	1	86400	1000.0
Plantae	6	Bryophyta	35	Bryopsida	327	Hypnales	617	Lembophyllaceae	8738	Nogopterium	7829142	Nogopterium gracile	7435779	2011	1kmE5073N2161	1	1	1	1	1	1	1	86400	1000.0
Plantae	6	Bryophyta	35	Bryopsida	327	Hypnales	617	Lembophyllaceae	8738	Nogopterium	7829142	Nogopterium gracile	7435779	2024	1kmE5083N2146	6	6	6	2	1	1	1	60	2.0
Plantae	6	Bryophyta	35	Bryopsida	327	Hypnales	617	Neckeraceae	4665	Exsertotheca	7974455	Exsertotheca crispa	7470937	2024	1kmE5105N2249	2	2	2	2	2	1	1	1	1000.0
Plantae	6	Bryophyta	35	Bryopsida	327	Hypnales	617	Lembophyllaceae	8738	Isothecium	8175646	Isothecium alopecuroides	2679735	2016	1kmE5090N2260	1	1	1	1	1	1	1	86400	1000.0
Plantae	6	Bryophyta	35	Bryopsida	327	Hypnales	617	Thuidiaceae	4659	Abietinella	8179085	Abietinella abietina	5283402	2025	1kmE5105N2217	2	2	1	1	1	1	1	60	2.0
Plantae	6	Bryophyta	35	Bryopsida	327	Hypnales	617	Thuidiaceae	4659	Abietinella	8179085	Abietinella abietina	5283402	2024	1kmE5129N2208	1	1	1	1	1	1	1	1	4.0
Plantae	6	Bryophyta	35	Bryopsida	327	Bryales	1333	Mniaceae	8742	Plagiomnium	8279158	Plagiomnium undulatum	7863767	2024	1kmE5046N2174	3	3	3	2	2	2	2	60	2.0
Plantae	6	Bryophyta	35	Bryopsida	327	Bryales	1333	Mniaceae	8742	Plagiomnium	8279158	Plagiomnium undulatum	7863767	2021	1kmE5055N2171	1	1	1	1	1	1	1	1	1000.0
Plantae	6	Bryophyta	35	Bryopsida	327	Bryales	1333	Mniaceae	8742	Plagiomnium	8279158	Plagiomnium rostratum	7518232	2016	1kmE5060N2271	4	4	3	1	1	1	1	86400	1000.0
Plantae	6	Bryophyta	35	Bryopsida	327	Bryales	1333	Mniaceae	8742	Plagiomnium	8279158	Plagiomnium undulatum	7863767	2023	1kmE5078N2150	3	3	3	2	2	2	2	60	2.0
Plantae	6	Bryophyta	35	Bryopsida	327	Bryales	1333	Mniaceae	8742	Plagiomnium	8279158	Plagiomnium undulatum	7863767	2024	1kmE5081N2149	1	1	1	1	1	1	1	60	2.0
Plantae	6	Bryophyta	35	Bryopsida	327	Bryales	1333	Mniaceae	8742	Plagiomnium	8279158	Plagiomnium undulatum	7863767	2023	1kmE5082N2153	4	4	4	2	2	2	2	60	4.0
Plantae	6	Bryophyta	35	Bryopsida	327	Bryales	1333	Mniaceae	8742	Plagiomnium	8279158	Plagiomnium undulatum	7863767	2024	1kmE5083N2146	6	6	6	4	4	4	4	60	2.0
Plantae	6	Bryophyta	35	Bryopsida	327	Bryales	1333	Mniaceae	8742	Rhizomnium	8287428	Rhizomnium punctatum	8006324	2024	1kmE5104N2249	2	2	2	1	1	1	1	1	1000.0
Plantae	6	Bryophyta	35	Bryopsida	327	Pottiales	621	Pottiaceae	4671	Tortella	8704249	Tortella tortuosa	2671369	2016	1kmE5063N2183	2	2	2	1	1	1	1	86400	1000.0
Plantae	6	Bryophyta	35	Bryopsida	327	Hypnales	617	Hylocomiaceae	4652	Hylocomium	9478252	Hylocomium splendens	2679696	2024	1kmE5060N2270	1	1	1	1	1	1	1	1	1392.0
Plantae	6	Bryophyta	35	Bryopsida	327	Hypnales	617	Hylocomiaceae	4652	Hylocomium	9478252	Hylocomium splendens	2679696	2024	1kmE5061N2271	6	6	5	5	4	2	2	1	1.0
Plantae	6	Bryophyta	35	Bryopsida	327	Hypnales	617	Hylocomiaceae	4652	Hylocomium	9478252	Hylocomium splendens	2679696	2024	1kmE5061N2272	4	4	4	3	2	1	1	1	5.0
Plantae	6	Bryophyta	35	Bryopsida	327	Hypnales	617	Hylocomiaceae	4652	Hylocomium	9478252	Hylocomium splendens	2679696	2024	1kmE5073N2267	2	2	2	2	2	1	1	1	5.0
Plantae	6	Bryophyta	35	Bryopsida	327	Hypnales	617	Hylocomiaceae	4652	Hylocomium	9478252	Hylocomium splendens	2679696	2024	1kmE5073N2268	4	4	4	4	4	2	2	1	1.0
Plantae	6	Bryophyta	35	Bryopsida	327	Hypnales	617	Hylocomiaceae	4652	Hylocomium	9478252	Hylocomium splendens	2679696	2024	1kmE5105N2248	4	4	4	3	1	1	1	1	1000.0
Plantae	6	Bryophyta	35	Bryopsida	327	Hypnales	617	Hylocomiaceae	4652	Hylocomium	9478252	Hylocomium splendens	2679696	2024	1kmE5125N2209	1	1	1	1	1	1	1	1	4.0
Plantae	6	Bryophyta	35	Bryopsida	327	Hypnales	617	Brachytheciaceae	4651	Brachythecium	9479232	Brachythecium rivulare	2679967	2021	1kmE5128N2213	1	1	1	1	1	1	1	86400	1000.0
Plantae	6	Bryophyta	35	Bryopsida	327	Hypnales	617	Brachytheciaceae	4651	Brachythecium	9479232	Brachythecium rivulare	2679967	2021	1kmE5144N2218	3	3	3	2	1	1	1	86400	1000.0
Plantae	6	Bryophyta	35	Bryopsida	327	Hypnales	617	Brachytheciaceae	4651	Brachythecium	9479232	Brachythecium rivulare	2679967	2021	1kmE5147N2218	1	1	1	1	1	1	1	86400	1000.0
Plantae	6	Bryophyta	35	Bryopsida	327	Hypnales	617	Neckeraceae	4665	Thamnobryum	9538777	Thamnobryum alopecurum	2678712	2016	1kmE5062N2183	2	2	2	2	2	1	1	86400	1000.0
Plantae	6	Bryophyta	35	Bryopsida	327	Pottiales	621	Pottiaceae	4671	Tortula	9549878	Tortula muralis	5280562	2023	1kmE5023N2189	2	2	2	2	2	1	1	60	2.0
Plantae	6	Bryophyta	35	Bryopsida	327	Pottiales	621	Pottiaceae	4671	Tortula	9549878	Tortula muralis	5280562	2024	1kmE5044N2196	1	1	1	1	1	1	1	1	88.0
Plantae	6	Bryophyta	35	Bryopsida	327	Pottiales	621	Pottiaceae	4671	Tortula	9549878	Tortula muralis	5280562	2016	1kmE5064N2182	1	1	1	1	1	1	1	86400	1000.0
Plantae	6	Bryophyta	35	Bryopsida	327	Pottiales	621	Pottiaceae	4671	Tortula	9549878	Tortula muralis	5280562	2023	1kmE5078N2149	2	2	2	1	1	1	1	60	2.0
Plantae	6	Bryophyta	35	Bryopsida	327	Pottiales	621	Pottiaceae	4671	Tortula	9549878	Tortula muralis	5280562	2023	1kmE5089N2138	1	1	1	1	1	1	1	60	4.0
Plantae	6	Bryophyta	35	Bryopsida	327	Pottiales	621	Pottiaceae	4671	Tortula	9549878	Tortula muralis	5280562	2023	1kmE5090N2137	1	1	1	1	1	1	1	60	2.0
Plantae	6	Bryophyta	35	Bryopsida	327	Pottiales	621	Pottiaceae	4671	Cinclidotus	9692225	Cinclidotus aquaticus	2672819	2016	1kmE5063N2182	5	5	5	2	2	1	1	86400	1000.0
